{"options":{"check_for_updates":true,"comment":null,"compat_foreach":false,"compat_metadata":false,"compat_prototypes":false,"compat_wrappedjsobject":false,"compatopts_for_requires":true,"noframes":null,"override":{"merge_connects":true,"merge_excludes":true,"merge_includes":true,"merge_matches":true,"orig_excludes":[],"orig_includes":["*://wenku.baidu.com/view/*"],"orig_matches":[],"orig_noframes":null,"orig_run_at":"document-idle","use_blockers":[],"use_connects":[],"use_excludes":[],"use_includes":[],"use_matches":[]},"run_at":null},"settings":{"enabled":true,"position":15},"meta":{"name":"2020最新百度文库内容复制 + 文档下载🔥","uuid":"9ca00570-cd6b-4a81-8148-f940b580d841","modified":1608278293031,"file_url":"https://greasyfork.org/scripts/399385-%E7%99%BE%E5%BA%A6%E6%96%87%E5%BA%93%E5%8E%9F%E6%A0%BC%E5%BC%8F%E6%96%87%E4%BB%B6%E4%B8%8B%E8%BD%BD-%E4%B8%8D%E4%B9%B1%E7%A0%81-%E5%8F%AF%E4%BB%A5%E7%BC%96%E8%BE%91/code/%E7%99%BE%E5%BA%A6%E6%96%87%E5%BA%93%E5%8E%9F%E6%A0%BC%E5%BC%8F%E6%96%87%E4%BB%B6%E4%B8%8B%E8%BD%BD_%E4%B8%8D%E4%B9%B1%E7%A0%81_%E5%8F%AF%E4%BB%A5%E7%BC%96%E8%BE%91.user.js"}}