{"options":{"check_for_updates":true,"comment":null,"compat_foreach":false,"compat_metadata":false,"compat_prototypes":false,"compat_wrappedjsobject":false,"compatopts_for_requires":true,"noframes":null,"override":{"merge_connects":true,"merge_excludes":true,"merge_includes":true,"merge_matches":true,"orig_excludes":[],"orig_includes":[],"orig_matches":["*://pan.baidu.com/disk/home*","*://yun.baidu.com/disk/home*","*://pan.baidu.com/s/*","*://yun.baidu.com/s/*","*://pan.baidu.com/share/link?*","*://yun.baidu.com/share/link?*","*://eyun.baidu.com/s/*","*://eyun.baidu.com/enterprise/*","*://aria2.me/webui-aria2/*","*://aria2.me/aria-ng/*"],"orig_noframes":null,"orig_run_at":"document-end","use_blockers":[],"use_connects":[],"use_excludes":[],"use_includes":[],"use_matches":[]},"run_at":null},"settings":{"enabled":true,"position":19},"meta":{"name":"Ci-Aria2百度云盘增强版","uuid":"730563e0-a76c-41d1-81ef-ef7f78b395a1","modified":1587341321793,"file_url":"https://greasyfork.org/scripts/40496-ci-aria2%E7%99%BE%E5%BA%A6%E4%BA%91%E7%9B%98%E5%A2%9E%E5%BC%BA%E7%89%88/code/Ci-Aria2%E7%99%BE%E5%BA%A6%E4%BA%91%E7%9B%98%E5%A2%9E%E5%BC%BA%E7%89%88.user.js"}}