{"data":{"_global_id_":"n4790","globalKeydownEvent":"o{\"data\":{\"isTrusted\":true,\"key\":\"ArrowLeft\",\"code\":\"ArrowLeft\",\"location\":0,\"ctrlKey\":false,\"shiftKey\":false,\"altKey\":false,\"metaKey\":false,\"repeat\":false,\"isComposing\":false,\"charCode\":0,\"keyCode\":37,\"DOM_KEY_LOCATION_STANDARD\":0,\"DOM_KEY_LOCATION_LEFT\":1,\"DOM_KEY_LOCATION_RIGHT\":2,\"DOM_KEY_LOCATION_NUMPAD\":3,\"detail\":0,\"which\":37,\"type\":\"keydown\",\"eventPhase\":1,\"bubbles\":true,\"cancelable\":true,\"defaultPrevented\":false,\"composed\":true,\"timeStamp\":297273.69999999925,\"returnValue\":true,\"cancelBubble\":false,\"NONE\":0,\"CAPTURING_PHASE\":1,\"AT_TARGET\":2,\"BUBBLING_PHASE\":3},\"tabId\":4776,\"title\":\"kiwi下载位置 - Google 搜索\",\"referrer\":{\"ancestorOrigins\":{\"length\":0},\"href\":\"https://www.google.com.hk/search?q=kiwi%E4%B8%8B%E8%BD%BD%E4%BD%8D%E7%BD%AE&newwindow=1&sxsrf=AOaemvJy355Xlk9Xad4ewKxVSGz-3_eC6Q%3A1635136326007&ei=RTN2YePfPJrP-Qbq5pOoCQ&ved=0ahUKEwijlvu-3eTzAhWaZ94KHWrzBJUQ4dUDCA4&uact=5&oq=kiwi%E4%B8%8B%E8%BD%BD%E4%BD%8D%E7%BD%AE&gs_lcp=Cgdnd3Mtd2l6EAMyBAgjECcyBAgjECcyBAgjECc6BwgjELADECdKBAhBGAFQpCBYuSFgwCVoAXAAeACAAbkBiAHNApIBAzAuMpgBAKABAcgBAcABAQ&sclient=gws-wiz\",\"origin\":\"https://www.google.com.hk\",\"protocol\":\"https:\",\"host\":\"www.google.com.hk\",\"hostname\":\"www.google.com.hk\",\"port\":\"\",\"pathname\":\"/search\",\"search\":\"?q=kiwi%E4%B8%8B%E8%BD%BD%E4%BD%8D%E7%BD%AE&newwindow=1&sxsrf=AOaemvJy355Xlk9Xad4ewKxVSGz-3_eC6Q%3A1635136326007&ei=RTN2YePfPJrP-Qbq5pOoCQ&ved=0ahUKEwijlvu-3eTzAhWaZ94KHWrzBJUQ4dUDCA4&uact=5&oq=kiwi%E4%B8%8B%E8%BD%BD%E4%BD%8D%E7%BD%AE&gs_lcp=Cgdnd3Mtd2l6EAMyBAgjECcyBAgjECcyBAgjECc6BwgjELADECdKBAhBGAFQpCBYuSFgwCVoAXAAeACAAbkBiAHNApIBAzAuMpgBAKABAcgBAcABAQ&sclient=gws-wiz\",\"hash\":\"\"},\"updateTime\":1635136630243}","globalPictureInPictureInfo":"o{\"data\":{\"hasGlobalPictureInPictureElement\":true},\"tabId\":999,\"title\":\"谍战深海之惊蛰 第16集\",\"referrer\":{\"ancestorOrigins\":{\"length\":0},\"href\":\"https://z1.m1907.cn/?jx=%E8%B0%8D%E6%88%98%E6%B7%B1%E6%B5%B7%E4%B9%8B%E6%83%8A%E8%9B%B0\",\"origin\":\"https://z1.m1907.cn\",\"protocol\":\"https:\",\"host\":\"z1.m1907.cn\",\"hostname\":\"z1.m1907.cn\",\"port\":\"\",\"pathname\":\"/\",\"search\":\"?jx=%E8%B0%8D%E6%88%98%E6%B7%B1%E6%B5%B7%E4%B9%8B%E6%83%8A%E8%9B%B0\",\"hash\":\"\"},\"updateTime\":1609506521998}"},"ts":1635144581686}