{"options":{"check_for_updates":true,"comment":null,"compat_foreach":false,"compat_metadata":false,"compat_prototypes":false,"compat_wrappedjsobject":false,"compatopts_for_requires":true,"noframes":null,"override":{"merge_connects":true,"merge_excludes":true,"merge_includes":true,"merge_matches":true,"orig_excludes":[],"orig_includes":[],"orig_matches":["*://ucontent.unipus.cn/_pc_default/pc.html?*"],"orig_noframes":null,"orig_run_at":"document-start","use_blockers":[],"use_connects":[],"use_excludes":[],"use_includes":[],"use_matches":[]},"run_at":null},"settings":{"enabled":true,"position":11},"meta":{"name":"U校园答案++","uuid":"59b6e475-63ff-4f3f-aa3e-114d0727747a","modified":1591688467380,"file_url":"https://greasyfork.org/scripts/397423-u%E6%A0%A1%E5%9B%AD%E7%AD%94%E6%A1%88/code/U%E6%A0%A1%E5%9B%AD%E7%AD%94%E6%A1%88++.user.js"}}