{"options":{"check_for_updates":true,"comment":null,"compat_foreach":false,"compat_metadata":false,"compat_prototypes":false,"compat_wrappedjsobject":false,"compatopts_for_requires":true,"noframes":null,"override":{"merge_connects":true,"merge_excludes":true,"merge_includes":true,"merge_matches":true,"orig_excludes":[],"orig_includes":[],"orig_matches":["*://www.58pic.com/*","*://pic.qiantucdn.com/*"],"orig_noframes":null,"orig_run_at":"document-idle","use_blockers":[],"use_connects":[],"use_excludes":[],"use_includes":[],"use_matches":[]},"run_at":null},"settings":{"enabled":true,"position":27},"meta":{"name":"【头号否】千图网素材无水印原图免登陆免费下载","uuid":"a299245f-7ef4-4617-ac4e-ad7f9146dcb6","modified":1608278293023,"file_url":"https://greasyfork.org/scripts/397072-%E5%A4%B4%E5%8F%B7%E5%90%A6-%E5%8D%83%E5%9B%BE%E7%BD%91%E7%B4%A0%E6%9D%90%E6%97%A0%E6%B0%B4%E5%8D%B0%E5%8E%9F%E5%9B%BE%E5%85%8D%E7%99%BB%E9%99%86%E5%85%8D%E8%B4%B9%E4%B8%8B%E8%BD%BD/code/%E3%80%90%E5%A4%B4%E5%8F%B7%E5%90%A6%E3%80%91%E5%8D%83%E5%9B%BE%E7%BD%91%E7%B4%A0%E6%9D%90%E6%97%A0%E6%B0%B4%E5%8D%B0%E5%8E%9F%E5%9B%BE%E5%85%8D%E7%99%BB%E9%99%86%E5%85%8D%E8%B4%B9%E4%B8%8B%E8%BD%BD.user.js"}}