{"options":{"check_for_updates":true,"comment":null,"compat_foreach":false,"compat_metadata":false,"compat_prototypes":false,"compat_wrappedjsobject":false,"compatopts_for_requires":true,"noframes":null,"override":{"merge_connects":true,"merge_excludes":true,"merge_includes":true,"merge_matches":true,"orig_excludes":[],"orig_includes":[],"orig_matches":["*://*.shangxueba.com/*"],"orig_noframes":null,"orig_run_at":"document-idle","use_blockers":[],"use_connects":[],"use_excludes":[],"use_includes":[],"use_matches":[]},"run_at":null},"settings":{"enabled":true,"position":17},"meta":{"name":"上学吧免费解析答案","uuid":"807d9c5e-844f-4580-b82b-7a8b5220ca90","modified":1587341300680,"file_url":"https://greasyfork.org/scripts/400106-%E4%B8%8A%E5%AD%A6%E5%90%A7%E5%85%8D%E8%B4%B9%E8%A7%A3%E6%9E%90%E7%AD%94%E6%A1%88/code/%E4%B8%8A%E5%AD%A6%E5%90%A7%E5%85%8D%E8%B4%B9%E8%A7%A3%E6%9E%90%E7%AD%94%E6%A1%88.user.js"}}