{"options":{"check_for_updates":true,"comment":null,"compat_foreach":false,"compat_metadata":false,"compat_prototypes":false,"compat_wrappedjsobject":false,"compatopts_for_requires":true,"noframes":null,"override":{"merge_connects":true,"merge_excludes":true,"merge_includes":true,"merge_matches":true,"orig_excludes":[],"orig_includes":[],"orig_matches":["*://*.onlinedown.net/*","*://*.cr173.com/*","*://*.xiazaiba.com/*","*://*.mydown.com/*","*://*.pc6.com/*","*://*.zol.com.cn/*","*://*.pconline.com.cn/*","*://*.jb51.net/*","*://*.cncrk.com/*","*://pc.qq.com/*","*://*.crsky.com/*","*://*.duote.com/*","*://*.downza.cn/*","*://*.yesky.com/*","*://*.ddooo.com/*","*://*.pchome.net/*","*://*.xpgod.com/*","*://*.52z.com/*","*://*.opdown.com/*","*://*.newday.me/*","*://*.likestyle.cn/*"],"orig_noframes":null,"orig_run_at":"document-start","use_blockers":[],"use_connects":[],"use_excludes":[],"use_includes":[],"use_matches":[]},"run_at":null},"settings":{"enabled":true,"position":25},"meta":{"name":"下载卫士","uuid":"c11b4bed-f1ed-446a-9b0a-d0df500c771e","modified":1590207654001,"file_url":"https://greasyfork.org/scripts/380918-%E4%B8%8B%E8%BD%BD%E5%8D%AB%E5%A3%AB/code/%E4%B8%8B%E8%BD%BD%E5%8D%AB%E5%A3%AB.user.js"}}