{"options":{"check_for_updates":true,"comment":null,"compat_foreach":false,"compat_metadata":false,"compat_prototypes":false,"compat_wrappedjsobject":false,"compatopts_for_requires":true,"noframes":null,"override":{"merge_connects":true,"merge_excludes":true,"merge_includes":true,"merge_matches":true,"orig_excludes":[],"orig_includes":[],"orig_matches":["*://www.icourse163.org/learn/*","*://www.icourse163.org/spoc/learn/*"],"orig_noframes":null,"orig_run_at":"document-start","use_blockers":[],"use_connects":["cxmooc.wget.es"],"use_excludes":[],"use_includes":[],"use_matches":[]},"run_at":null},"settings":{"enabled":true,"position":29},"meta":{"name":"中国大学慕课小工具（黄金精神）","uuid":"a1361131-5139-472b-9855-2e404c4fe249","modified":1590207653771,"file_url":"https://greasyfork.org/scripts/401520-%E4%B8%AD%E5%9B%BD%E5%A4%A7%E5%AD%A6%E6%85%95%E8%AF%BE%E5%B0%8F%E5%B7%A5%E5%85%B7-%E9%BB%84%E9%87%91%E7%B2%BE%E7%A5%9E/code/%E4%B8%AD%E5%9B%BD%E5%A4%A7%E5%AD%A6%E6%85%95%E8%AF%BE%E5%B0%8F%E5%B7%A5%E5%85%B7%EF%BC%88%E9%BB%84%E9%87%91%E7%B2%BE%E7%A5%9E%EF%BC%89.user.js"}}