{"options":{"check_for_updates":true,"comment":null,"compat_foreach":false,"compat_metadata":false,"compat_prototypes":false,"compat_wrappedjsobject":false,"compatopts_for_requires":true,"noframes":null,"override":{"merge_connects":true,"merge_excludes":true,"merge_includes":true,"merge_matches":true,"orig_excludes":[],"orig_includes":[],"orig_matches":["*://www.icourse163.org/learn/*","*://www.icourse163.org/spoc/learn/*"],"orig_noframes":null,"orig_run_at":"document-start","use_blockers":[],"use_connects":[],"use_excludes":[],"use_includes":[],"use_matches":[]},"run_at":null},"settings":{"enabled":true,"position":30},"meta":{"name":"中国大学慕课mooc小工具（稳定题库）","uuid":"78fd73b4-4ebd-4258-99c4-db32572e10c4","modified":1590207653098,"file_url":"https://greasyfork.org/scripts/403701-%E4%B8%AD%E5%9B%BD%E5%A4%A7%E5%AD%A6%E6%85%95%E8%AF%BEmooc%E5%B0%8F%E5%B7%A5%E5%85%B7-%E7%A8%B3%E5%AE%9A%E9%A2%98%E5%BA%93/code/%E4%B8%AD%E5%9B%BD%E5%A4%A7%E5%AD%A6%E6%85%95%E8%AF%BEmooc%E5%B0%8F%E5%B7%A5%E5%85%B7%EF%BC%88%E7%A8%B3%E5%AE%9A%E9%A2%98%E5%BA%93%EF%BC%89.user.js"}}