{"options":{"check_for_updates":true,"comment":null,"compat_foreach":false,"compat_metadata":false,"compat_prototypes":false,"compat_wrappedjsobject":false,"compatopts_for_requires":true,"noframes":null,"override":{"merge_connects":true,"merge_excludes":true,"merge_includes":true,"merge_matches":true,"orig_excludes":[],"orig_includes":[],"orig_matches":["*://*.ulearning.cn/learnCourse/*"],"orig_noframes":null,"orig_run_at":"document-start","use_blockers":[],"use_connects":[],"use_excludes":[],"use_includes":[],"use_matches":[]},"run_at":null},"settings":{"enabled":true,"position":16},"meta":{"name":"优学院自动静音播放、自动做练习题、自动翻页、修改播放速率","uuid":"efa378b3-37a9-4ffa-9ac6-3c0366a30eb0","modified":1591688463286,"file_url":"https://greasyfork.org/scripts/396629-%E4%BC%98%E5%AD%A6%E9%99%A2%E8%87%AA%E5%8A%A8%E9%9D%99%E9%9F%B3%E6%92%AD%E6%94%BE-%E8%87%AA%E5%8A%A8%E5%81%9A%E7%BB%83%E4%B9%A0%E9%A2%98-%E8%87%AA%E5%8A%A8%E7%BF%BB%E9%A1%B5-%E4%BF%AE%E6%94%B9%E6%92%AD%E6%94%BE%E9%80%9F%E7%8E%87/code/%E4%BC%98%E5%AD%A6%E9%99%A2%E8%87%AA%E5%8A%A8%E9%9D%99%E9%9F%B3%E6%92%AD%E6%94%BE%E3%80%81%E8%87%AA%E5%8A%A8%E5%81%9A%E7%BB%83%E4%B9%A0%E9%A2%98%E3%80%81%E8%87%AA%E5%8A%A8%E7%BF%BB%E9%A1%B5%E3%80%81%E4%BF%AE%E6%94%B9%E6%92%AD%E6%94%BE%E9%80%9F%E7%8E%87.user.js"}}