{"options":{"check_for_updates":true,"comment":null,"compat_foreach":false,"compat_metadata":false,"compat_prototypes":false,"compat_wrappedjsobject":false,"compatopts_for_requires":true,"noframes":null,"override":{"merge_connects":true,"merge_excludes":true,"merge_includes":true,"merge_matches":true,"orig_excludes":[],"orig_includes":["http://www.52pojie.cn/forum*","http://www.52pojie.cn/thread*"],"orig_matches":[],"orig_noframes":null,"orig_run_at":"document-idle","use_blockers":[],"use_connects":[],"use_excludes":[],"use_includes":[],"use_matches":[]},"run_at":null},"settings":{"enabled":true,"position":24},"meta":{"name":"吾爱破解网盘链接激活工具 by lsj8924","uuid":"470b213a-2e6e-4965-bf19-e87fef15a2a0","modified":1587341468856,"file_url":"https://greasyfork.org/scripts/23600-%E5%90%BE%E7%88%B1%E7%A0%B4%E8%A7%A3%E7%BD%91%E7%9B%98%E9%93%BE%E6%8E%A5%E6%BF%80%E6%B4%BB%E5%B7%A5%E5%85%B7-by-lsj8924/code/%E5%90%BE%E7%88%B1%E7%A0%B4%E8%A7%A3%E7%BD%91%E7%9B%98%E9%93%BE%E6%8E%A5%E6%BF%80%E6%B4%BB%E5%B7%A5%E5%85%B7%20by%20lsj8924.user.js"}}