{"options":{"check_for_updates":true,"comment":null,"compat_foreach":false,"compat_metadata":false,"compat_prototypes":false,"compat_wrappedjsobject":false,"compatopts_for_requires":true,"noframes":null,"override":{"merge_connects":true,"merge_excludes":true,"merge_includes":true,"merge_matches":true,"orig_excludes":[],"orig_includes":["*://coding.imooc.com/learn/qa/*","*://coding.imooc.com/lesson/*"],"orig_matches":[],"orig_noframes":null,"orig_run_at":"document-idle","use_blockers":[],"use_connects":[],"use_excludes":[],"use_includes":[],"use_matches":[]},"run_at":null},"settings":{"enabled":true,"position":31},"meta":{"name":"慕课小助手","uuid":"f5501736-e80a-4623-93e8-92a38d47fa08","modified":1628257695691,"file_url":"https://greasyfork.org/scripts/396378-%E6%85%95%E8%AF%BE%E5%B0%8F%E5%8A%A9%E6%89%8B/code/%E6%85%95%E8%AF%BE%E5%B0%8F%E5%8A%A9%E6%89%8B.user.js"}}