{"options":{"check_for_updates":true,"comment":null,"compat_foreach":false,"compat_metadata":false,"compat_prototypes":false,"compat_wrappedjsobject":false,"compatopts_for_requires":true,"noframes":null,"override":{"merge_connects":true,"merge_excludes":true,"merge_includes":true,"merge_matches":true,"orig_excludes":[],"orig_includes":[],"orig_matches":["*://*.zhihuishu.com/*"],"orig_noframes":null,"orig_run_at":"document-end","use_blockers":[],"use_connects":[],"use_excludes":[],"use_includes":[],"use_matches":[]},"run_at":null},"settings":{"enabled":true,"position":34},"meta":{"name":"智慧树网课助手(最强题库-精准答题)","uuid":"696e09ee-2ab6-42d5-8afa-c4ac299967b0","modified":1608278275228,"file_url":"https://greasyfork.org/scripts/403152-%E6%99%BA%E6%85%A7%E6%A0%91%E7%BD%91%E8%AF%BE%E5%8A%A9%E6%89%8B-%E6%9C%80%E5%BC%BA%E9%A2%98%E5%BA%93-%E7%B2%BE%E5%87%86%E7%AD%94%E9%A2%98/code/%E6%99%BA%E6%85%A7%E6%A0%91%E7%BD%91%E8%AF%BE%E5%8A%A9%E6%89%8B(%E6%9C%80%E5%BC%BA%E9%A2%98%E5%BA%93-%E7%B2%BE%E5%87%86%E7%AD%94%E9%A2%98).user.js"}}