{"options":{"check_for_updates":true,"comment":null,"compat_foreach":false,"compat_metadata":false,"compat_prototypes":false,"compat_wrappedjsobject":false,"compatopts_for_requires":true,"noframes":null,"override":{"merge_connects":true,"merge_excludes":true,"merge_includes":true,"merge_matches":true,"orig_excludes":[],"orig_includes":["*://wenku.baidu.com/*","*music.163.com*","*://y.qq.com*","*://www.kugou.com*","*://www.kuwo.cn*","*://www.lizhi.fm*","*://*.ximalaya.com*","*://music.migu.cn*","*://*.kuaishou.com/*","*://www.douyin.com/*","*://*.zhihu.com/*","*://v.vzuu.com/video/*","*://video.zhihu.com/video/*","*://bbs.csdn.net/*","*://www.csdn.net/*","*://blog.csdn.net/*/article/details/*","*://*.blog.csdn.net/article/details/*","*://*.youku.com/v_*","*://www.iqiyi.com/*","*://www.iqiyi.com","*://*.iqiyi.com/v_*","*://*.iqiyi.com/w_*","*://*.iqiyi.com/a_*","*://*.le.com/ptv/vplay/*","*://v.qq.com/x/cover/*","*://v.qq.com/x/page/*","*://*.tudou.com/listplay/*","*://*.tudou.com/albumplay/*","*://*.tudou.com/programs/view/*","*://*.mgtv.com/b/*","*://film.sohu.com/album/*","*://tv.sohu.com/v/*","*://*.acfun.cn/v/*","*://*.bilibili.com/video/*","*://*.bilibili.com/anime/*","*://*.bilibili.com/bangumi/play/*","*://*.baofeng.com/play/*","*://vip.pptv.com/show/*","*://v.pptv.com/show/*","*://www.taobao.com/*","*://s.taobao.com/*","*://item.taobao.com/*","*://*detail.tmall.com/*","*://*detail.tmall.hk/*","*://*product.suning.com/*","*://*item.jd.com/*","*://item.yiyaojd.com/*","*://npcitem.jd.hk/*","*://*detail.vip.com/*","*://*mobile.yangkeduo.com/goods*","*://showxi.xyz/mov/*","*://pan.baidu.com/s/*","*://cloud.tencent.com/*","*://www.aliyun.com/*","*://www.huaweicloud.com/*","*://activity.huaweicloud.com/*","*://bandwagonhost.com/*","*://www.west.cn/*","*://www.vultr.com/*"],"orig_matches":[],"orig_noframes":null,"orig_run_at":"document-idle","use_blockers":[],"use_connects":[],"use_excludes":[],"use_includes":[],"use_matches":[]},"run_at":null},"settings":{"enabled":true,"position":8},"meta":{"name":"百度文库破解加强、全网VIP视频破解,去广告,免费在线看、全网音乐直接下载、短视频去水印下载:支持抖音、快手等，知乎使用增强、CSDN使用增强等多功能脚本","uuid":"6fd2cf6e-4f38-4546-b02f-f30f87e307aa","modified":1631112685420,"file_url":"https://greasyfork.org/scripts/398195-%E7%99%BE%E5%BA%A6%E6%96%87%E5%BA%93%E7%A0%B4%E8%A7%A3%E5%8A%A0%E5%BC%BA%E5%8A%A9%E6%89%8B-csdn%E9%98%85%E8%AF%BB%E5%A2%9E%E5%BC%BA%E5%8A%A9%E6%89%8B-%E7%9F%A5%E4%B9%8E%E8%A7%86%E9%A2%91%E4%B8%8B%E8%BD%BD-%E6%8A%96%E9%9F%B3%E5%8E%BB%E6%B0%B4%E5%8D%B0%E5%8E%9F%E8%A7%86%E9%A2%91%E4%B8%8B%E8%BD%BD-%E5%85%A8%E7%BD%91vip%E8%A7%86%E9%A2%91%E7%A0%B4%E8%A7%A3-%E5%8E%BB%E5%B9%BF%E5%91%8A/code/%E7%99%BE%E5%BA%A6%E6%96%87%E5%BA%93%E7%A0%B4%E8%A7%A3%E5%8A%A0%E5%BC%BA%E5%8A%A9%E6%89%8B%E3%80%81%20CSDN%E9%98%85%E8%AF%BB%E5%A2%9E%E5%BC%BA%E5%8A%A9%E6%89%8B%E3%80%81%E7%9F%A5%E4%B9%8E%E8%A7%86%E9%A2%91%E4%B8%8B%E8%BD%BD%E3%80%81%E6%8A%96%E9%9F%B3%E5%8E%BB%E6%B0%B4%E5%8D%B0%E5%8E%9F%E8%A7%86%E9%A2%91%E4%B8%8B%E8%BD%BD%E3%80%81%E5%85%A8%E7%BD%91VIP%E8%A7%86%E9%A2%91%E7%A0%B4%E8%A7%A3%EF%BC%8C%E5%8E%BB%E5%B9%BF%E5%91%8A.user.js"}}