{"data":{"$config":"o{\"uid\":\"zq1mygexrueg07hljxworgzlh0fm76iy\",\"share_log_list\":{\"baidu#bo-owVqFbTBJDsEZHqMKkA\":{\"share_id\":\"bo-owVqFbTBJDsEZHqMKkA\",\"share_pwd\":\"ij1a\",\"share_link\":\"https://pan.baidu.com/share/init?surl=bo-owVqFbTBJDsEZHqMKkA\",\"share_source\":\"baidu\",\"share_time\":1608644235958},\"baidu#LuDlmZBJvYYWhBBJVsYqhQ\":{\"share_id\":\"LuDlmZBJvYYWhBBJVsYqhQ\",\"share_pwd\":\"2dgg\",\"share_link\":\"https://pan.baidu.com/share/init?surl=LuDlmZBJvYYWhBBJVsYqhQ\",\"share_source\":\"baidu\",\"share_time\":1611200514690},\"baidu#oJo8rcYapYzDPCfJCtChxA\":{\"share_id\":\"oJo8rcYapYzDPCfJCtChxA\",\"share_pwd\":\"b5sr\",\"share_link\":\"https://pan.baidu.com/share/init?surl=oJo8rcYapYzDPCfJCtChxA#b5sr\",\"share_source\":\"baidu\",\"share_time\":1612939288894},\"baidu#pmikI5gcnRne-1h1jm7x-Q\":{\"share_id\":\"pmikI5gcnRne-1h1jm7x-Q\",\"share_pwd\":\"higo\",\"share_link\":\"https://pan.baidu.com/share/init?surl=pmikI5gcnRne-1h1jm7x-Q#higo\",\"share_source\":\"baidu\",\"share_time\":1612941580257}}}","$storage":"o{\"version_date\":\"20210901\",\"version_payload\":{\"version\":\"0.4.7\"},\"version_latest\":\"0.4.7\"}","config_json":"s{\"wpzs_version_date\":\"20200517\",\"wpzs_version_latest\":\"0.2.2\",\"wpzs_wpzs_share_list\":{\"2ST8ti0zJ5spIGah8fbdpg#hrjd\":{\"share_id\":\"2ST8ti0zJ5spIGah8fbdpg#hrjd\",\"share_pwd\":\"hrjd\",\"share_link\":\"https://pan.baidu.com/share/init?surl=2ST8ti0zJ5spIGah8fbdpg#hrjd\",\"share_source\":\"baidu\",\"share_time\":1587730495883},\"JnhbQmXDYdj81HtNsw8JOw#zzgv\":{\"share_id\":\"JnhbQmXDYdj81HtNsw8JOw#zzgv\",\"share_pwd\":\"zzgv\",\"share_link\":\"https://pan.baidu.com/share/init?surl=JnhbQmXDYdj81HtNsw8JOw#zzgv\",\"share_source\":\"baidu\",\"share_time\":1588679829659},\"jXRp9GACaMLUMLFpaQ9OvQ\":{\"share_id\":\"jXRp9GACaMLUMLFpaQ9OvQ\",\"share_pwd\":\"1234\",\"share_link\":\"https://pan.baidu.com/share/init?surl=jXRp9GACaMLUMLFpaQ9OvQ\",\"share_source\":\"baidu\",\"share_time\":1588943294268},\"bpncs8J#tmjd\":{\"share_id\":\"bpncs8J#tmjd\",\"share_pwd\":\"tmjd\",\"share_link\":\"https://pan.baidu.com/share/init?surl=bpncs8J#tmjd\",\"share_source\":\"baidu\",\"share_time\":1589033382832},\"hrCuwFq#v48j\":{\"share_id\":\"hrCuwFq#v48j\",\"share_pwd\":\"v48j\",\"share_link\":\"https://pan.baidu.com/share/init?surl=hrCuwFq#v48j\",\"share_source\":\"baidu\",\"share_time\":1589033531079},\"i4Eukct#rg7h\":{\"share_id\":\"i4Eukct#rg7h\",\"share_pwd\":\"rg7h\",\"share_link\":\"https://pan.baidu.com/share/init?surl=i4Eukct#rg7h\",\"share_source\":\"baidu\",\"share_time\":1589033664467},\"ElQosR3OFXcv_rJ9bS38ag\":{\"share_id\":\"ElQosR3OFXcv_rJ9bS38ag\",\"share_pwd\":\"w4ju\",\"share_link\":\"https://pan.baidu.com/share/init?surl=ElQosR3OFXcv_rJ9bS38ag\",\"share_source\":\"baidu\",\"share_time\":1589038456642}}}","uid":"spd71b6f8j2oppo16oovrh4ruvp9nw0eg"},"ts":1635132956379}