{"data":{"CatPW":"o{\"date\":\"2021/8/27\",\"sCode\":\"\",\"unPW\":\"\",\"Src\":\"https://www.lanzoux.com/iyPM7s42tpi\",\"surl\":\"\",\"Hash\":\"#ej5h\",\"webSrc\":\"https%3A%2F%2Fpvz-beta.site%2Fdownload.html\",\"webTitle\":\"%E4%B8%8B%E8%BD%BD%20-%20%E6%A4%8D%E7%89%A9%E5%A4%A7%E6%88%98%E5%83%B5%E5%B0%B8%CE%B2%E7%89%88\"}","CatPW_Manage":"o{\"StorageSave\":true,\"UpdataConfig\":{\"UpdataSave\":true,\"UpdataNotify\":true,\"UpdataPlugin\":true,\"UpdataVersion\":\"3.19.23.1\"},\"StorageExp\":365}"},"ts":1635132956488}