{"options":{"check_for_updates":true,"comment":null,"compat_foreach":false,"compat_metadata":false,"compat_prototypes":false,"compat_wrappedjsobject":false,"compatopts_for_requires":true,"noframes":null,"override":{"merge_connects":true,"merge_excludes":true,"merge_includes":true,"merge_matches":true,"orig_excludes":[],"orig_includes":["*://www.ppkao.com/tiku/shiti/*","*://www.ppkao.com/shiti/*","*://www.ppkao.com/kaoti/*","*://www.ppkao.com/daan/*"],"orig_matches":["*://www.ppkao.com/tiku/shiti/*","*://www.ppkao.com/kaoti/*"],"orig_noframes":null,"orig_run_at":"document-idle","use_blockers":[],"use_connects":[],"use_excludes":[],"use_includes":[],"use_matches":[]},"run_at":null},"settings":{"enabled":true,"position":18},"meta":{"name":"考试资料网跳转显示答案","uuid":"c7d439fb-0b5c-4791-9a84-13d5e765b847","modified":1587341309331,"file_url":"https://greasyfork.org/scripts/394735-%E8%80%83%E8%AF%95%E8%B5%84%E6%96%99%E7%BD%91%E8%B7%B3%E8%BD%AC%E6%98%BE%E7%A4%BA%E7%AD%94%E6%A1%88/code/%E8%80%83%E8%AF%95%E8%B5%84%E6%96%99%E7%BD%91%E8%B7%B3%E8%BD%AC%E6%98%BE%E7%A4%BA%E7%AD%94%E6%A1%88.user.js"}}