{"options":{"check_for_updates":true,"comment":null,"compat_foreach":false,"compat_metadata":false,"compat_prototypes":false,"compat_wrappedjsobject":false,"compatopts_for_requires":true,"noframes":null,"override":{"merge_connects":true,"merge_excludes":true,"merge_includes":true,"merge_matches":true,"orig_excludes":[],"orig_includes":[],"orig_matches":["http://192.168.240.168/xuanke/edu_main.asp?xq=*"],"orig_noframes":null,"orig_run_at":"document-idle","use_blockers":[],"use_connects":[],"use_excludes":[],"use_includes":[],"use_matches":[]},"run_at":null},"settings":{"enabled":true,"position":37},"meta":{"name":"自动抢课2","uuid":"73daf3d7-d700-4550-a9e1-cbe215664d4b","modified":1611706550563,"file_url":"https://greasyfork.org/scripts/28054-%E8%87%AA%E5%8A%A8%E6%8A%A2%E8%AF%BE2/code/%E8%87%AA%E5%8A%A8%E6%8A%A2%E8%AF%BE2.user.js"}}