{"options":{"check_for_updates":true,"comment":null,"compat_foreach":false,"compat_metadata":false,"compat_prototypes":false,"compat_wrappedjsobject":false,"compatopts_for_requires":true,"noframes":null,"override":{"merge_connects":true,"merge_excludes":true,"merge_includes":true,"merge_matches":true,"orig_excludes":[],"orig_includes":[],"orig_matches":["https://mooc1.chaoxing.com/*"],"orig_noframes":null,"orig_run_at":"document-idle","use_blockers":[],"use_connects":[],"use_excludes":[],"use_includes":[],"use_matches":[]},"run_at":null},"settings":{"enabled":true,"position":23},"meta":{"name":"自动判超星作业为100分","uuid":"7696493e-1ef3-42dc-9bbf-d83b5c971423","modified":1587341449672,"file_url":"https://greasyfork.org/scripts/397328-%E8%87%AA%E5%8A%A8%E5%88%A4%E8%B6%85%E6%98%9F%E4%BD%9C%E4%B8%9A%E4%B8%BA100%E5%88%86/code/%E8%87%AA%E5%8A%A8%E5%88%A4%E8%B6%85%E6%98%9F%E4%BD%9C%E4%B8%9A%E4%B8%BA100%E5%88%86.user.js"}}