{"options":{"check_for_updates":true,"comment":null,"compat_foreach":false,"compat_metadata":false,"compat_prototypes":false,"compat_wrappedjsobject":false,"compatopts_for_requires":true,"noframes":null,"override":{"merge_connects":true,"merge_excludes":true,"merge_includes":true,"merge_matches":true,"orig_excludes":[],"orig_includes":["*"],"orig_matches":["http://*/*"],"orig_noframes":null,"orig_run_at":"document-start","use_blockers":[],"use_connects":[],"use_excludes":["/(^[^:\\/#\\?]*:\\/\\/([^#\\?\\/]*\\.)?webvpn\\.qdu\\.edu\\.cn(:[0-9]{1,5})?\\/.*$)/"],"use_includes":[],"use_matches":[]},"run_at":null},"settings":{"enabled":true,"position":28},"meta":{"name":"计时器掌控者|视频广告跳过|视频广告加速器","uuid":"adf72ed8-ddee-46f8-bada-09e80dfc8637","modified":1628257695687,"file_url":"https://greasyfork.org/scripts/372673-%E8%AE%A1%E6%97%B6%E5%99%A8%E6%8E%8C%E6%8E%A7%E8%80%85-%E8%A7%86%E9%A2%91%E5%B9%BF%E5%91%8A%E8%B7%B3%E8%BF%87-%E8%A7%86%E9%A2%91%E5%B9%BF%E5%91%8A%E5%8A%A0%E9%80%9F%E5%99%A8/code/%E8%AE%A1%E6%97%B6%E5%99%A8%E6%8E%8C%E6%8E%A7%E8%80%85%7C%E8%A7%86%E9%A2%91%E5%B9%BF%E5%91%8A%E8%B7%B3%E8%BF%87%7C%E8%A7%86%E9%A2%91%E5%B9%BF%E5%91%8A%E5%8A%A0%E9%80%9F%E5%99%A8.user.js"}}