{"options":{"check_for_updates":true,"comment":null,"compat_foreach":false,"compat_metadata":false,"compat_prototypes":false,"compat_wrappedjsobject":false,"compatopts_for_requires":true,"noframes":null,"override":{"merge_connects":true,"merge_excludes":true,"merge_includes":true,"merge_matches":true,"orig_excludes":[],"orig_includes":[],"orig_matches":["*://*/*"],"orig_noframes":null,"orig_run_at":"document-start","use_blockers":[],"use_connects":[],"use_excludes":["/(^[^:\\/#\\?]*:\\/\\/([^#\\?\\/]*\\.)?webvpn\\.qdu\\.edu\\.cn(:[0-9]{1,5})?\\/.*$)/"],"use_includes":[],"use_matches":[]},"run_at":null},"settings":{"enabled":true,"position":32},"meta":{"name":"音视频通用下载器","uuid":"1ad46124-5f49-4167-9cb5-fdbaa5e69fb0","modified":1608278270047,"file_url":"https://greasyfork.org/scripts/382057-%E9%9F%B3%E8%A7%86%E9%A2%91%E9%80%9A%E7%94%A8%E4%B8%8B%E8%BD%BD%E5%99%A8/code/%E9%9F%B3%E8%A7%86%E9%A2%91%E9%80%9A%E7%94%A8%E4%B8%8B%E8%BD%BD%E5%99%A8.user.js"}}